-- MySQL dump 10.13  Distrib 5.7.9, for Win64 (x86_64)
--
-- Host: 127.0.0.1    Database: smartenergy5
-- ------------------------------------------------------
-- Server version	5.7.11-log

/*!40101 SET @OLD_CHARACTER_SET_CLIENT=@@CHARACTER_SET_CLIENT */;
/*!40101 SET @OLD_CHARACTER_SET_RESULTS=@@CHARACTER_SET_RESULTS */;
/*!40101 SET @OLD_COLLATION_CONNECTION=@@COLLATION_CONNECTION */;
/*!40101 SET NAMES utf8 */;
/*!40103 SET @OLD_TIME_ZONE=@@TIME_ZONE */;
/*!40103 SET TIME_ZONE='+00:00' */;
/*!40014 SET @OLD_UNIQUE_CHECKS=@@UNIQUE_CHECKS, UNIQUE_CHECKS=0 */;
/*!40014 SET @OLD_FOREIGN_KEY_CHECKS=@@FOREIGN_KEY_CHECKS, FOREIGN_KEY_CHECKS=0 */;
/*!40101 SET @OLD_SQL_MODE=@@SQL_MODE, SQL_MODE='NO_AUTO_VALUE_ON_ZERO' */;
/*!40111 SET @OLD_SQL_NOTES=@@SQL_NOTES, SQL_NOTES=0 */;

--
-- Table structure for table `consumer`
--

DROP TABLE IF EXISTS `consumer`;
/*!40101 SET @saved_cs_client     = @@character_set_client */;
/*!40101 SET character_set_client = utf8 */;
CREATE TABLE `consumer` (
  `ConsumerId` int(11) NOT NULL AUTO_INCREMENT,
  `FirstName` char(20) NOT NULL,
  `LastName` char(20) DEFAULT NULL,
  `AddressLine1` varchar(40) NOT NULL,
  `AddressLine2` varchar(40) DEFAULT NULL,
  `City` char(20) NOT NULL,
  `Zip` char(5) NOT NULL,
  `State` char(20) NOT NULL,
  `UserId` int(11) DEFAULT NULL,
  `Email` varchar(50) NOT NULL,
  PRIMARY KEY (`ConsumerId`),
  KEY `IX_Relationship50` (`UserId`),
  CONSTRAINT `Relationship50` FOREIGN KEY (`UserId`) REFERENCES `useraccount` (`UserId`)
) ENGINE=InnoDB AUTO_INCREMENT=60 DEFAULT CHARSET=utf8;
/*!40101 SET character_set_client = @saved_cs_client */;

--
-- Dumping data for table `consumer`
--

LOCK TABLES `consumer` WRITE;
/*!40000 ALTER TABLE `consumer` DISABLE KEYS */;
INSERT INTO `consumer` VALUES (38,'kasjdlksja','salkdjsalkjd','salkjdlaksjd','kljaslkdaskdj','asdkjsajk','18788','askdjlaskj',95,'kasjdklj@jj.com'),(39,'c','c','c','c','c','12345','c',99,'mzxcncm@gn.com'),(40,'k','k','k','k','k','12345','k',102,'bbb@gmail.com'),(41,'jj','jj','j','j','j','12345','j',103,'asdl@hn.com'),(42,'cons','cons','kasjdl','askldjklj','kljd','12345','askljd',109,'bbb@hg.com'),(43,'ggi','ggi','ggigi','guigi','igigih','12345','gigig',111,'nesad@jm.com'),(44,'h','h','h','h','h','12345','h',114,'nbzxcmnb@hmaol.com'),(45,'sahjgjh','jsadhkjsh','jskadhkjasjkdh','asjdhkjas','asjj','12345','asjkdhhjas',144,'kjsahdkjhsdk@gh.com'),(46,'Neer','Lasr','skadjlkj','ldjkljsad','askldjsajkl','12345','asdkljasklj',146,'aksljdjk@gmao.com'),(47,'bf','bf','bf','bf','bf','12345','bf',148,'neerajsing@jmaoil.com'),(48,'jkhkjh','jjkkj','kllkj','kljj','kjjkljlk','12345','klklj',149,'kjsakalj@hmailc.om'),(49,'uuu','uuu','uuuu','uuuuuuu','123','12345','uuuuu',150,'kalsjdjk@hmao.com'),(50,'askdljaskljd','jkasdhkh','asjdhkjasdjh','jhadsjk','sadhj','12345','asjdh',NULL,'klasjd@gmail.com'),(51,'sakdj','klsjad','kjsald','jklsad','skjad','12345','sakd',153,'asj@kjk.com'),(52,'oasjdk','jsadljkl','kajsdkj','askljd','skajdl','12345','kjaskjl',154,'sajd@k.com'),(53,'oiuoiu','iuoiouio','iiouoi','iuiuo','uioiu','12345','oiuuo',156,'sakljd@hma.com'),(54,'hjjk','ghfhgf','hfhfgh','hgfhfhg','ggfdfgd','12345','fgfhgf',157,'asd@fn.com'),(55,'nanda','Jishi','lkasjd','askjldkjsa','Boston','12345','Mass',158,'neerajsingrajputd@gmail.com'),(56,'Neerajsing','Rajput','27 St. Stephen Street','Apt 5','Boston','12345','Massechussets',160,'rajput.ne@husky.neu.edu'),(57,'Kumar','t','27 St. Stephen Street','','Boston','12345','Mass',165,'rajput1.ne@husky.neu.edu'),(58,'Tyu','jgsdjgh','sadjghjhg','asdghjhg','hasgdj','12345','saahsdg',166,'jsagdj@hjask.com'),(59,'Bharat','Kundnani','25 River Drive ','1422','NJ','12345','NJ',167,'jkasdhj@gmail.com');
/*!40000 ALTER TABLE `consumer` ENABLE KEYS */;
UNLOCK TABLES;

--
-- Table structure for table `consumerservicesbilling`
--

DROP TABLE IF EXISTS `consumerservicesbilling`;
/*!40101 SET @saved_cs_client     = @@character_set_client */;
/*!40101 SET character_set_client = utf8 */;
CREATE TABLE `consumerservicesbilling` (
  `ConsumerServicesId` int(11) NOT NULL AUTO_INCREMENT,
  `LocalMonthlyEnergyBill` float NOT NULL,
  `GlobalMonthlyEnergyBill` float NOT NULL,
  `ConsumerId` int(11) NOT NULL,
  `FromDate` date NOT NULL,
  `ToDate` date NOT NULL,
  PRIMARY KEY (`ConsumerServicesId`,`ConsumerId`),
  KEY `Relationship41` (`ConsumerId`),
  CONSTRAINT `Relationship41` FOREIGN KEY (`ConsumerId`) REFERENCES `consumer` (`ConsumerId`)
) ENGINE=InnoDB DEFAULT CHARSET=utf8;
/*!40101 SET character_set_client = @saved_cs_client */;

--
-- Dumping data for table `consumerservicesbilling`
--

LOCK TABLES `consumerservicesbilling` WRITE;
/*!40000 ALTER TABLE `consumerservicesbilling` DISABLE KEYS */;
/*!40000 ALTER TABLE `consumerservicesbilling` ENABLE KEYS */;
UNLOCK TABLES;

--
-- Table structure for table `globalconsumptionlist`
--

DROP TABLE IF EXISTS `globalconsumptionlist`;
/*!40101 SET @saved_cs_client     = @@character_set_client */;
/*!40101 SET character_set_client = utf8 */;
CREATE TABLE `globalconsumptionlist` (
  `GlobalConsumptionListId` int(11) NOT NULL AUTO_INCREMENT,
  `PowerConsumed` float NOT NULL,
  `ChargedAmount` float NOT NULL,
  `ConsumerId` int(11) NOT NULL,
  `GlobalServiceId` int(11) NOT NULL,
  `GlobalVendorId` int(11) NOT NULL,
  `DateTimePowerConsumed` date NOT NULL,
  PRIMARY KEY (`GlobalConsumptionListId`,`ConsumerId`,`GlobalServiceId`,`GlobalVendorId`),
  KEY `Relationship36` (`ConsumerId`),
  KEY `Relationship54` (`GlobalServiceId`,`GlobalVendorId`),
  CONSTRAINT `Relationship36` FOREIGN KEY (`ConsumerId`) REFERENCES `consumer` (`ConsumerId`),
  CONSTRAINT `Relationship54` FOREIGN KEY (`GlobalServiceId`, `GlobalVendorId`) REFERENCES `globalservices` (`GlobalServiceId`, `GlobalVendorId`)
) ENGINE=InnoDB AUTO_INCREMENT=820 DEFAULT CHARSET=utf8;
/*!40101 SET character_set_client = @saved_cs_client */;

--
-- Dumping data for table `globalconsumptionlist`
--

LOCK TABLES `globalconsumptionlist` WRITE;
/*!40000 ALTER TABLE `globalconsumptionlist` DISABLE KEYS */;
INSERT INTO `globalconsumptionlist` VALUES (6,0,0,42,6,20,'2016-04-25'),(7,0,0,42,6,20,'2016-04-25'),(8,0,0,43,6,20,'2016-04-26'),(9,119,154.7,43,6,20,'2016-04-26'),(10,119,154.7,43,6,20,'2016-04-26'),(11,119,154.7,43,6,20,'2016-04-26'),(12,119,154.7,43,6,20,'2016-04-26'),(13,119,154.7,43,6,20,'2016-04-26'),(14,119,154.7,43,6,20,'2016-04-26'),(15,119,154.7,43,6,20,'2016-04-26'),(16,119,154.7,43,6,20,'2016-04-26'),(17,119,154.7,43,6,20,'2016-04-26'),(18,119,154.7,43,6,20,'2016-04-26'),(19,119,154.7,43,6,20,'2016-04-26'),(20,119,154.7,43,6,20,'2016-04-26'),(21,119,154.7,43,6,20,'2016-04-26'),(22,119,154.7,43,6,20,'2016-04-26'),(23,119,154.7,43,6,20,'2016-04-26'),(24,119,154.7,43,6,20,'2016-04-26'),(25,119,154.7,43,6,20,'2016-04-26'),(26,119,154.7,43,6,20,'2016-04-26'),(27,119,154.7,43,6,20,'2016-04-26'),(28,119,154.7,43,6,20,'2016-04-26'),(29,119,154.7,43,6,20,'2016-04-26'),(30,119,154.7,43,6,20,'2016-04-26'),(31,119,154.7,43,6,20,'2016-04-26'),(32,119,154.7,43,6,20,'2016-04-26'),(33,119,154.7,43,6,20,'2016-04-26'),(34,119,154.7,43,6,20,'2016-04-26'),(35,119,154.7,43,6,20,'2016-04-26'),(36,119,154.7,43,6,20,'2016-04-26'),(37,119,154.7,43,6,20,'2016-04-26'),(38,119,154.7,43,6,20,'2016-04-26'),(39,119,154.7,43,6,20,'2016-04-26'),(40,119,154.7,43,6,20,'2016-04-26'),(41,0,0,44,6,20,'2016-04-26'),(42,24,31.2,44,6,20,'2016-04-26'),(43,24,31.2,44,6,20,'2016-04-26'),(44,24,31.2,44,6,20,'2016-04-26'),(45,24,31.2,44,6,20,'2016-04-26'),(46,24,31.2,44,6,20,'2016-04-26'),(47,24,31.2,44,6,20,'2016-04-26'),(48,24,31.2,44,6,20,'2016-04-26'),(49,24,31.2,44,6,20,'2016-04-26'),(50,24,31.2,44,6,20,'2016-04-26'),(51,24,31.2,44,6,20,'2016-04-26'),(52,24,31.2,44,6,20,'2016-04-26'),(53,24,31.2,44,6,20,'2016-04-26'),(54,24,31.2,44,6,20,'2016-04-26'),(55,24,31.2,44,6,20,'2016-04-26'),(56,24,31.2,44,6,20,'2016-04-26'),(57,24,31.2,44,6,20,'2016-04-26'),(58,24,31.2,44,6,20,'2016-04-26'),(59,24,31.2,44,6,20,'2016-04-26'),(60,0,0,45,7,25,'2016-04-26'),(61,57,57,45,7,25,'2016-04-26'),(62,57,57,45,7,25,'2016-04-26'),(63,57,57,45,7,25,'2016-04-26'),(64,57,57,45,7,25,'2016-04-26'),(65,57,57,45,7,25,'2016-04-26'),(66,57,57,45,7,25,'2016-04-26'),(67,57,57,45,7,25,'2016-04-26'),(68,57,57,45,7,25,'2016-04-26'),(69,57,57,45,7,25,'2016-04-26'),(70,57,57,45,7,25,'2016-04-26'),(71,57,57,45,7,25,'2016-04-26'),(72,57,57,45,7,25,'2016-04-26'),(73,57,57,45,7,25,'2016-04-26'),(74,57,57,45,7,25,'2016-04-26'),(75,57,57,45,7,25,'2016-04-26'),(76,57,57,45,7,25,'2016-04-26'),(77,57,57,45,7,25,'2016-04-26'),(78,57,57,45,7,25,'2016-04-26'),(79,57,57,45,7,25,'2016-04-26'),(80,57,57,45,7,25,'2016-04-26'),(81,57,57,45,7,25,'2016-04-26'),(82,57,57,45,7,25,'2016-04-26'),(83,57,57,45,7,25,'2016-04-26'),(84,57,57,45,7,25,'2016-04-26'),(85,57,57,45,7,25,'2016-04-26'),(86,57,57,45,7,25,'2016-04-26'),(87,57,57,45,7,25,'2016-04-26'),(88,57,57,45,7,25,'2016-04-26'),(89,57,57,45,7,25,'2016-04-26'),(90,0,0,45,7,25,'2016-04-26'),(91,0,0,45,7,25,'2016-04-26'),(92,0,0,45,7,25,'2016-04-26'),(93,0,0,46,8,27,'2016-04-26'),(94,70,91,46,8,27,'2016-04-26'),(95,70,91,46,8,27,'2016-04-26'),(96,70,91,46,8,27,'2016-04-26'),(97,70,91,46,8,27,'2016-04-26'),(98,70,91,46,8,27,'2016-04-26'),(99,70,91,46,8,27,'2016-04-26'),(100,70,91,46,8,27,'2016-04-26'),(101,70,91,46,8,27,'2016-04-26'),(102,70,91,46,8,27,'2016-04-26'),(103,70,91,46,8,27,'2016-04-26'),(104,70,91,46,8,27,'2016-04-26'),(105,70,91,46,8,27,'2016-04-26'),(106,70,91,46,8,27,'2016-04-26'),(107,0,0,46,8,27,'2016-04-26'),(108,0,0,46,8,27,'2016-04-26'),(109,0,0,46,8,27,'2016-04-26'),(110,33,42.9,46,8,27,'2016-04-26'),(111,33,42.9,46,8,27,'2016-04-26'),(112,33,42.9,46,8,27,'2016-04-26'),(113,33,42.9,46,8,27,'2016-04-26'),(114,33,42.9,46,8,27,'2016-04-26'),(115,33,42.9,46,8,27,'2016-04-26'),(116,33,42.9,46,8,27,'2016-04-26'),(117,33,42.9,46,8,27,'2016-04-26'),(118,33,42.9,46,8,27,'2016-04-26'),(119,33,42.9,46,8,27,'2016-04-26'),(120,33,42.9,46,8,27,'2016-04-26'),(121,33,42.9,46,8,27,'2016-04-26'),(122,33,42.9,46,8,27,'2016-04-26'),(123,33,42.9,46,8,27,'2016-04-26'),(124,33,42.9,46,8,27,'2016-04-26'),(125,33,42.9,46,8,27,'2016-04-26'),(126,33,42.9,46,8,27,'2016-04-26'),(127,33,42.9,46,8,27,'2016-04-26'),(128,0,0,47,8,27,'2016-04-26'),(129,34,44.2,47,8,27,'2016-04-26'),(130,34,44.2,47,8,27,'2016-04-26'),(131,34,44.2,47,8,27,'2016-04-26'),(132,34,44.2,47,8,27,'2016-04-26'),(133,34,44.2,47,8,27,'2016-04-26'),(134,34,44.2,47,8,27,'2016-04-26'),(135,34,44.2,47,8,27,'2016-04-26'),(136,34,44.2,47,8,27,'2016-04-26'),(137,34,44.2,47,8,27,'2016-04-26'),(138,34,44.2,47,8,27,'2016-04-26'),(139,34,44.2,47,8,27,'2016-04-26'),(140,34,44.2,47,8,27,'2016-04-26'),(141,34,44.2,47,8,27,'2016-04-26'),(142,34,44.2,47,8,27,'2016-04-26'),(143,34,44.2,47,8,27,'2016-04-26'),(144,34,44.2,47,8,27,'2016-04-26'),(145,34,44.2,47,8,27,'2016-04-26'),(146,34,44.2,47,8,27,'2016-04-26'),(147,34,44.2,47,8,27,'2016-04-26'),(148,34,44.2,47,8,27,'2016-04-26'),(149,34,44.2,47,8,27,'2016-04-26'),(150,34,44.2,47,8,27,'2016-04-26'),(151,34,44.2,47,8,27,'2016-04-26'),(152,34,44.2,47,8,27,'2016-04-26'),(153,34,44.2,47,8,27,'2016-04-26'),(154,34,44.2,47,8,27,'2016-04-26'),(155,34,44.2,47,8,27,'2016-04-26'),(156,34,44.2,47,8,27,'2016-04-26'),(157,34,44.2,47,8,27,'2016-04-26'),(158,34,44.2,47,8,27,'2016-04-26'),(159,34,44.2,47,8,27,'2016-04-26'),(160,34,44.2,47,8,27,'2016-04-26'),(161,34,44.2,47,8,27,'2016-04-26'),(162,34,44.2,47,8,27,'2016-04-26'),(163,34,44.2,47,8,27,'2016-04-26'),(164,34,44.2,47,8,27,'2016-04-26'),(165,34,44.2,47,8,27,'2016-04-26'),(166,34,44.2,47,8,27,'2016-04-26'),(167,34,44.2,47,8,27,'2016-04-26'),(168,34,44.2,47,8,27,'2016-04-26'),(169,34,44.2,47,8,27,'2016-04-26'),(170,34,44.2,47,8,27,'2016-04-26'),(171,34,44.2,47,8,27,'2016-04-26'),(172,34,44.2,47,8,27,'2016-04-26'),(173,34,44.2,47,8,27,'2016-04-26'),(174,34,44.2,47,8,27,'2016-04-26'),(175,34,44.2,47,8,27,'2016-04-26'),(176,34,44.2,47,8,27,'2016-04-26'),(177,34,44.2,47,8,27,'2016-04-26'),(178,34,44.2,47,8,27,'2016-04-26'),(179,34,44.2,47,8,27,'2016-04-26'),(180,34,44.2,47,8,27,'2016-04-26'),(181,34,44.2,47,8,27,'2016-04-26'),(182,34,44.2,47,8,27,'2016-04-26'),(183,34,44.2,47,8,27,'2016-04-26'),(184,34,44.2,47,8,27,'2016-04-26'),(185,0,0,48,7,25,'2016-04-26'),(186,0,0,48,15,31,'2016-04-26'),(187,0,0,48,19,32,'2016-04-26'),(188,0,0,48,22,33,'2016-04-26'),(189,0,0,49,5,21,'2016-04-26'),(190,12,12,49,5,21,'2016-04-26'),(191,12,12,49,5,21,'2016-04-26'),(192,12,12,49,5,21,'2016-04-26'),(193,12,12,49,5,21,'2016-04-26'),(194,12,12,49,5,21,'2016-04-26'),(195,12,12,49,5,21,'2016-04-26'),(196,12,12,49,5,21,'2016-04-26'),(197,12,12,49,5,21,'2016-04-26'),(198,12,12,49,5,21,'2016-04-26'),(199,12,12,49,5,21,'2016-04-26'),(200,12,12,49,5,21,'2016-04-26'),(201,0,0,51,5,21,'2016-04-26'),(202,12,12,51,5,21,'2016-04-26'),(203,12,12,51,5,21,'2016-04-26'),(204,12,12,51,5,21,'2016-04-26'),(205,12,12,51,5,21,'2016-04-26'),(206,12,12,51,5,21,'2016-04-26'),(207,12,12,51,5,21,'2016-04-26'),(208,12,12,51,5,21,'2016-04-26'),(209,12,12,51,5,21,'2016-04-26'),(210,12,12,51,5,21,'2016-04-26'),(211,12,12,51,5,21,'2016-04-26'),(212,12,12,51,5,21,'2016-04-26'),(213,12,12,51,5,21,'2016-04-26'),(214,12,12,51,5,21,'2016-04-26'),(215,12,12,51,5,21,'2016-04-26'),(216,12,12,51,5,21,'2016-04-26'),(217,12,12,51,5,21,'2016-04-26'),(218,0,0,52,11,29,'2016-04-26'),(219,12,936,52,11,29,'2016-04-26'),(220,12,936,52,11,29,'2016-04-26'),(221,12,936,52,11,29,'2016-04-26'),(222,12,936,52,11,29,'2016-04-26'),(223,12,936,52,11,29,'2016-04-26'),(224,12,936,52,11,29,'2016-04-26'),(225,12,936,52,11,29,'2016-04-26'),(226,12,936,52,11,29,'2016-04-26'),(227,12,936,52,11,29,'2016-04-26'),(228,12,936,52,11,29,'2016-04-26'),(229,12,936,52,11,29,'2016-04-26'),(230,12,936,52,11,29,'2016-04-26'),(231,12,936,52,11,29,'2016-04-26'),(232,12,936,52,11,29,'2016-04-26'),(233,12,936,52,11,29,'2016-04-26'),(234,12,936,52,11,29,'2016-04-26'),(235,12,936,52,11,29,'2016-04-26'),(236,12,936,52,11,29,'2016-04-26'),(237,12,936,52,11,29,'2016-04-26'),(238,12,936,52,11,29,'2016-04-26'),(239,12,936,52,11,29,'2016-04-26'),(240,12,936,52,11,29,'2016-04-26'),(241,0,0,53,13,30,'2016-04-26'),(242,0,0,54,5,21,'2016-04-26'),(243,12,12,54,5,21,'2016-04-26'),(244,12,12,54,5,21,'2016-04-26'),(245,12,12,54,5,21,'2016-04-26'),(246,12,12,54,5,21,'2016-04-26'),(247,12,12,54,5,21,'2016-04-26'),(248,12,12,54,5,21,'2016-04-26'),(249,12,12,54,5,21,'2016-04-26'),(250,12,12,54,5,21,'2016-04-26'),(251,12,12,54,5,21,'2016-04-26'),(252,0,0,55,18,32,'2016-04-26'),(253,0,0,49,8,27,'2016-04-26'),(254,0,0,49,6,20,'2016-04-26'),(255,0,0,49,6,20,'2016-04-26'),(256,12,15.6,49,6,20,'2016-04-26'),(257,0,0,49,9,28,'2016-04-26'),(258,21,252,49,9,28,'2016-04-26'),(259,21,252,49,9,28,'2016-04-26'),(260,21,252,49,9,28,'2016-04-26'),(261,21,252,49,9,28,'2016-04-26'),(262,21,252,49,9,28,'2016-04-26'),(263,21,252,49,9,28,'2016-04-26'),(264,21,252,49,9,28,'2016-04-26'),(265,21,252,49,9,28,'2016-04-26'),(266,21,252,49,9,28,'2016-04-26'),(267,21,252,49,9,28,'2016-04-26'),(268,21,252,49,9,28,'2016-04-26'),(269,21,252,49,9,28,'2016-04-26'),(270,21,252,49,9,28,'2016-04-26'),(271,21,252,49,9,28,'2016-04-26'),(272,21,252,49,9,28,'2016-04-26'),(273,21,252,49,9,28,'2016-04-26'),(274,21,252,49,9,28,'2016-04-26'),(275,21,252,49,9,28,'2016-04-26'),(276,21,252,55,9,28,'2016-04-26'),(277,21,252,55,9,28,'2016-04-26'),(278,21,252,55,9,28,'2016-04-26'),(279,21,252,55,9,28,'2016-04-26'),(280,21,252,55,9,28,'2016-04-26'),(281,21,252,55,9,28,'2016-04-26'),(282,21,252,55,9,28,'2016-04-26'),(283,21,252,55,9,28,'2016-04-26'),(284,21,252,55,9,28,'2016-04-26'),(285,21,252,55,9,28,'2016-04-26'),(286,21,252,55,9,28,'2016-04-26'),(287,21,252,55,9,28,'2016-04-26'),(288,21,252,55,9,28,'2016-04-26'),(289,21,252,55,9,28,'2016-04-26'),(290,21,252,55,9,28,'2016-04-26'),(291,21,252,55,9,28,'2016-04-26'),(292,21,252,55,9,28,'2016-04-26'),(293,21,252,55,9,28,'2016-04-26'),(294,21,252,55,9,28,'2016-04-26'),(295,21,252,55,9,28,'2016-04-26'),(296,21,252,55,9,28,'2016-04-26'),(297,21,252,55,9,28,'2016-04-26'),(298,21,252,55,9,28,'2016-04-26'),(299,21,252,55,9,28,'2016-04-26'),(300,21,252,55,9,28,'2016-04-26'),(301,21,252,55,9,28,'2016-04-26'),(302,21,252,55,9,28,'2016-04-26'),(303,21,252,55,9,28,'2016-04-26'),(304,21,252,55,9,28,'2016-04-26'),(305,21,252,55,9,28,'2016-04-26'),(306,21,252,55,9,28,'2016-04-26'),(307,21,252,55,9,28,'2016-04-26'),(308,21,252,55,9,28,'2016-04-26'),(309,21,252,55,9,28,'2016-04-26'),(310,21,252,55,9,28,'2016-04-26'),(311,21,252,55,9,28,'2016-04-26'),(312,21,252,55,9,28,'2016-04-26'),(313,21,252,55,9,28,'2016-04-26'),(314,21,252,55,9,28,'2016-04-26'),(315,21,252,55,9,28,'2016-04-26'),(316,21,252,55,9,28,'2016-04-26'),(317,21,252,55,9,28,'2016-04-26'),(318,21,252,55,9,28,'2016-04-26'),(319,21,252,55,9,28,'2016-04-26'),(320,21,252,55,9,28,'2016-04-26'),(321,21,252,55,9,28,'2016-04-26'),(322,21,252,55,9,28,'2016-04-26'),(323,21,252,55,9,28,'2016-04-26'),(324,21,252,55,9,28,'2016-04-26'),(325,21,252,55,9,28,'2016-04-26'),(326,21,252,55,9,28,'2016-04-26'),(327,21,252,55,9,28,'2016-04-26'),(328,21,252,55,9,28,'2016-04-26'),(329,21,252,55,9,28,'2016-04-26'),(330,21,252,55,9,28,'2016-04-26'),(331,21,252,55,9,28,'2016-04-26'),(332,21,252,55,9,28,'2016-04-26'),(333,21,252,55,9,28,'2016-04-26'),(334,21,252,55,9,28,'2016-04-26'),(335,21,252,55,9,28,'2016-04-26'),(336,21,252,55,9,28,'2016-04-26'),(337,21,252,55,9,28,'2016-04-26'),(338,21,252,55,9,28,'2016-04-26'),(339,21,252,55,9,28,'2016-04-26'),(340,21,252,55,9,28,'2016-04-26'),(341,21,252,55,9,28,'2016-04-26'),(342,21,252,55,9,28,'2016-04-26'),(343,21,252,55,9,28,'2016-04-26'),(344,21,252,55,9,28,'2016-04-26'),(345,21,252,55,9,28,'2016-04-26'),(346,21,252,55,9,28,'2016-04-26'),(347,21,252,55,9,28,'2016-04-26'),(348,21,252,55,9,28,'2016-04-26'),(349,21,252,55,9,28,'2016-04-26'),(350,21,252,55,9,28,'2016-04-26'),(351,21,252,55,9,28,'2016-04-26'),(352,21,252,55,9,28,'2016-04-26'),(353,21,252,55,9,28,'2016-04-26'),(354,21,252,55,9,28,'2016-04-26'),(355,21,252,55,9,28,'2016-04-26'),(356,21,252,55,9,28,'2016-04-26'),(357,21,252,55,9,28,'2016-04-26'),(358,21,252,55,9,28,'2016-04-26'),(359,21,252,55,9,28,'2016-04-26'),(360,21,252,55,9,28,'2016-04-26'),(361,21,252,55,9,28,'2016-04-26'),(362,21,252,55,9,28,'2016-04-26'),(363,21,252,55,9,28,'2016-04-26'),(364,21,252,55,9,28,'2016-04-26'),(365,21,252,55,9,28,'2016-04-26'),(366,21,252,55,9,28,'2016-04-26'),(367,21,252,55,9,28,'2016-04-26'),(368,21,252,55,9,28,'2016-04-26'),(369,21,252,55,9,28,'2016-04-26'),(370,21,252,55,9,28,'2016-04-26'),(371,21,252,55,9,28,'2016-04-26'),(372,21,252,55,9,28,'2016-04-26'),(373,21,252,55,9,28,'2016-04-26'),(374,21,252,55,9,28,'2016-04-26'),(375,21,252,55,9,28,'2016-04-26'),(376,21,252,55,9,28,'2016-04-26'),(377,21,252,55,9,28,'2016-04-26'),(378,21,252,55,9,28,'2016-04-26'),(379,21,252,55,9,28,'2016-04-26'),(380,21,252,55,9,28,'2016-04-26'),(381,21,252,55,9,28,'2016-04-26'),(382,21,252,55,9,28,'2016-04-26'),(383,21,252,55,9,28,'2016-04-26'),(384,21,252,55,9,28,'2016-04-26'),(385,21,252,55,9,28,'2016-04-26'),(386,21,252,55,9,28,'2016-04-26'),(387,21,252,55,9,28,'2016-04-26'),(388,21,252,55,9,28,'2016-04-26'),(389,21,252,55,9,28,'2016-04-26'),(390,21,252,55,9,28,'2016-04-26'),(391,21,252,55,9,28,'2016-04-26'),(392,21,252,55,9,28,'2016-04-26'),(393,21,252,55,9,28,'2016-04-26'),(394,21,252,55,9,28,'2016-04-26'),(395,21,252,55,9,28,'2016-04-26'),(396,21,252,55,9,28,'2016-04-26'),(397,21,252,55,9,28,'2016-04-26'),(398,21,252,55,9,28,'2016-04-26'),(399,21,252,55,9,28,'2016-04-26'),(400,21,252,55,9,28,'2016-04-26'),(401,21,252,55,9,28,'2016-04-26'),(402,21,252,55,9,28,'2016-04-26'),(403,21,252,55,9,28,'2016-04-26'),(404,21,252,55,9,28,'2016-04-26'),(405,21,252,55,9,28,'2016-04-26'),(406,21,252,55,9,28,'2016-04-26'),(407,21,252,55,9,28,'2016-04-26'),(408,21,252,55,9,28,'2016-04-26'),(409,21,252,55,9,28,'2016-04-26'),(410,21,252,55,9,28,'2016-04-26'),(411,21,252,55,9,28,'2016-04-26'),(412,21,252,55,9,28,'2016-04-26'),(413,21,252,55,9,28,'2016-04-26'),(414,21,252,55,9,28,'2016-04-26'),(415,21,252,55,9,28,'2016-04-26'),(416,21,252,55,9,28,'2016-04-26'),(417,21,252,55,9,28,'2016-04-26'),(418,21,252,55,9,28,'2016-04-26'),(419,21,252,55,9,28,'2016-04-26'),(420,21,252,55,9,28,'2016-04-26'),(421,21,252,55,9,28,'2016-04-26'),(422,21,252,55,9,28,'2016-04-26'),(423,21,252,55,9,28,'2016-04-26'),(424,21,252,55,9,28,'2016-04-26'),(425,21,252,55,9,28,'2016-04-26'),(426,21,252,55,9,28,'2016-04-26'),(427,21,252,55,9,28,'2016-04-26'),(428,21,252,55,9,28,'2016-04-26'),(429,21,252,55,9,28,'2016-04-26'),(430,21,252,55,9,28,'2016-04-26'),(431,21,252,55,9,28,'2016-04-26'),(432,21,252,55,9,28,'2016-04-26'),(433,21,252,55,9,28,'2016-04-26'),(434,21,252,55,9,28,'2016-04-26'),(435,21,252,55,9,28,'2016-04-26'),(436,21,252,55,9,28,'2016-04-26'),(437,21,252,55,9,28,'2016-04-26'),(438,21,252,55,9,28,'2016-04-26'),(439,21,252,55,9,28,'2016-04-26'),(440,21,252,55,9,28,'2016-04-26'),(441,21,252,55,9,28,'2016-04-26'),(442,21,252,55,9,28,'2016-04-26'),(443,21,252,55,9,28,'2016-04-26'),(444,21,252,55,9,28,'2016-04-26'),(445,21,252,55,9,28,'2016-04-26'),(446,21,252,55,9,28,'2016-04-26'),(447,21,252,55,9,28,'2016-04-26'),(448,21,252,55,9,28,'2016-04-26'),(449,21,252,55,9,28,'2016-04-26'),(450,21,252,55,9,28,'2016-04-26'),(451,21,252,55,9,28,'2016-04-26'),(452,21,252,55,9,28,'2016-04-26'),(453,21,252,55,9,28,'2016-04-26'),(454,21,252,55,9,28,'2016-04-26'),(455,21,252,55,9,28,'2016-04-26'),(456,21,252,55,9,28,'2016-04-26'),(457,21,252,55,9,28,'2016-04-26'),(458,21,252,55,9,28,'2016-04-26'),(459,21,252,55,9,28,'2016-04-26'),(460,21,252,55,9,28,'2016-04-26'),(461,21,252,55,9,28,'2016-04-26'),(462,21,252,55,9,28,'2016-04-26'),(463,21,252,55,9,28,'2016-04-26'),(464,21,252,55,9,28,'2016-04-26'),(465,21,252,55,9,28,'2016-04-26'),(466,21,252,55,9,28,'2016-04-26'),(467,21,252,55,9,28,'2016-04-26'),(468,21,252,55,9,28,'2016-04-26'),(469,21,252,55,9,28,'2016-04-26'),(470,21,252,55,9,28,'2016-04-26'),(471,21,252,55,9,28,'2016-04-26'),(472,21,252,55,9,28,'2016-04-26'),(473,21,252,55,9,28,'2016-04-26'),(474,21,252,55,9,28,'2016-04-26'),(475,21,252,55,9,28,'2016-04-26'),(476,21,252,55,9,28,'2016-04-26'),(477,21,252,55,9,28,'2016-04-26'),(478,21,252,55,9,28,'2016-04-26'),(479,21,252,55,9,28,'2016-04-26'),(480,21,252,55,9,28,'2016-04-26'),(481,21,252,55,9,28,'2016-04-26'),(482,21,252,55,9,28,'2016-04-26'),(483,21,252,55,9,28,'2016-04-26'),(484,21,252,55,9,28,'2016-04-26'),(485,21,252,55,9,28,'2016-04-26'),(486,21,252,55,9,28,'2016-04-26'),(487,21,252,55,9,28,'2016-04-26'),(488,21,252,55,9,28,'2016-04-26'),(489,21,252,55,9,28,'2016-04-26'),(490,21,252,55,9,28,'2016-04-26'),(491,21,252,55,9,28,'2016-04-26'),(492,21,252,55,9,28,'2016-04-26'),(493,21,252,55,9,28,'2016-04-26'),(494,21,252,55,9,28,'2016-04-26'),(495,21,252,55,9,28,'2016-04-26'),(496,21,252,55,9,28,'2016-04-26'),(497,21,252,55,9,28,'2016-04-26'),(498,21,252,55,9,28,'2016-04-26'),(499,21,252,55,9,28,'2016-04-26'),(500,21,252,55,9,28,'2016-04-26'),(501,21,252,55,9,28,'2016-04-26'),(502,21,252,55,9,28,'2016-04-26'),(503,21,252,55,9,28,'2016-04-26'),(504,21,252,55,9,28,'2016-04-26'),(505,21,252,55,9,28,'2016-04-26'),(506,21,252,55,9,28,'2016-04-26'),(507,21,252,55,9,28,'2016-04-26'),(508,21,252,55,9,28,'2016-04-26'),(509,21,252,55,9,28,'2016-04-26'),(510,21,252,55,9,28,'2016-04-26'),(511,21,252,55,9,28,'2016-04-26'),(512,21,252,55,9,28,'2016-04-26'),(513,21,252,55,9,28,'2016-04-26'),(514,21,252,55,9,28,'2016-04-26'),(515,21,252,55,9,28,'2016-04-26'),(516,21,252,55,9,28,'2016-04-26'),(517,21,252,55,9,28,'2016-04-26'),(518,21,252,55,9,28,'2016-04-26'),(519,21,252,55,9,28,'2016-04-26'),(520,21,252,55,9,28,'2016-04-26'),(521,21,252,55,9,28,'2016-04-26'),(522,21,252,55,9,28,'2016-04-26'),(523,21,252,55,9,28,'2016-04-26'),(524,21,252,55,9,28,'2016-04-26'),(525,21,252,55,9,28,'2016-04-26'),(526,21,252,55,9,28,'2016-04-26'),(527,21,252,55,9,28,'2016-04-26'),(528,21,252,55,9,28,'2016-04-26'),(529,21,252,55,9,28,'2016-04-26'),(530,21,252,55,9,28,'2016-04-26'),(531,21,252,55,9,28,'2016-04-26'),(532,21,252,55,9,28,'2016-04-26'),(533,21,252,55,9,28,'2016-04-26'),(534,21,252,55,9,28,'2016-04-26'),(535,21,252,55,9,28,'2016-04-26'),(536,21,252,55,9,28,'2016-04-26'),(537,21,252,55,9,28,'2016-04-26'),(538,21,252,55,9,28,'2016-04-26'),(539,21,252,55,9,28,'2016-04-26'),(540,21,252,55,9,28,'2016-04-26'),(541,21,252,55,9,28,'2016-04-26'),(542,21,252,55,9,28,'2016-04-26'),(543,21,252,55,9,28,'2016-04-26'),(544,21,252,55,9,28,'2016-04-26'),(545,21,252,55,9,28,'2016-04-26'),(546,21,252,55,9,28,'2016-04-26'),(547,21,252,55,9,28,'2016-04-26'),(548,21,252,55,9,28,'2016-04-26'),(549,21,252,55,9,28,'2016-04-26'),(550,21,252,55,9,28,'2016-04-26'),(551,21,252,55,9,28,'2016-04-26'),(552,21,252,55,9,28,'2016-04-26'),(553,21,252,55,9,28,'2016-04-26'),(554,21,252,55,9,28,'2016-04-26'),(555,21,252,55,9,28,'2016-04-26'),(556,21,252,55,9,28,'2016-04-26'),(557,21,252,55,9,28,'2016-04-26'),(558,21,252,55,9,28,'2016-04-26'),(559,21,252,55,9,28,'2016-04-26'),(560,21,252,55,9,28,'2016-04-26'),(561,21,252,55,9,28,'2016-04-26'),(562,21,252,55,9,28,'2016-04-26'),(563,21,252,55,9,28,'2016-04-26'),(564,21,252,55,9,28,'2016-04-26'),(565,21,252,55,9,28,'2016-04-26'),(566,21,252,55,9,28,'2016-04-26'),(567,21,252,55,9,28,'2016-04-26'),(568,21,252,55,9,28,'2016-04-26'),(569,21,252,55,9,28,'2016-04-26'),(570,21,252,55,9,28,'2016-04-26'),(571,21,252,55,9,28,'2016-04-26'),(572,21,252,55,9,28,'2016-04-26'),(573,21,252,55,9,28,'2016-04-26'),(574,21,252,55,9,28,'2016-04-26'),(575,21,252,55,9,28,'2016-04-26'),(576,21,252,55,9,28,'2016-04-26'),(577,21,252,55,9,28,'2016-04-26'),(578,21,252,55,9,28,'2016-04-26'),(579,21,252,55,9,28,'2016-04-26'),(580,21,252,55,9,28,'2016-04-26'),(581,21,252,55,9,28,'2016-04-26'),(582,21,252,55,9,28,'2016-04-26'),(583,21,252,55,9,28,'2016-04-26'),(584,21,252,55,9,28,'2016-04-26'),(585,21,252,55,9,28,'2016-04-26'),(586,21,252,55,9,28,'2016-04-26'),(587,21,252,55,9,28,'2016-04-26'),(588,21,252,55,9,28,'2016-04-26'),(589,21,252,55,9,28,'2016-04-26'),(590,21,252,55,9,28,'2016-04-26'),(591,21,252,55,9,28,'2016-04-26'),(592,21,252,55,9,28,'2016-04-26'),(593,21,252,55,9,28,'2016-04-26'),(594,21,252,55,9,28,'2016-04-26'),(595,21,252,55,9,28,'2016-04-26'),(596,21,252,55,9,28,'2016-04-26'),(597,21,252,55,9,28,'2016-04-26'),(598,21,252,55,9,28,'2016-04-26'),(599,21,252,55,9,28,'2016-04-26'),(600,21,252,55,9,28,'2016-04-26'),(601,21,252,55,9,28,'2016-04-26'),(602,21,252,55,9,28,'2016-04-26'),(603,21,252,55,9,28,'2016-04-26'),(604,21,252,55,9,28,'2016-04-26'),(605,21,252,55,9,28,'2016-04-26'),(606,21,252,55,9,28,'2016-04-26'),(607,21,252,55,9,28,'2016-04-26'),(608,21,252,55,9,28,'2016-04-26'),(609,21,252,55,9,28,'2016-04-26'),(610,21,252,55,9,28,'2016-04-26'),(611,21,252,55,9,28,'2016-04-26'),(612,21,252,55,9,28,'2016-04-26'),(613,21,252,55,9,28,'2016-04-26'),(614,21,252,55,9,28,'2016-04-26'),(615,21,252,55,9,28,'2016-04-26'),(616,21,252,55,9,28,'2016-04-26'),(617,21,252,55,9,28,'2016-04-26'),(618,21,252,55,9,28,'2016-04-26'),(619,21,252,55,9,28,'2016-04-26'),(620,21,252,55,9,28,'2016-04-26'),(621,21,252,55,9,28,'2016-04-26'),(622,21,252,55,9,28,'2016-04-26'),(623,21,252,55,9,28,'2016-04-26'),(624,21,252,55,9,28,'2016-04-26'),(625,21,252,55,9,28,'2016-04-26'),(626,21,252,55,9,28,'2016-04-26'),(627,21,252,55,9,28,'2016-04-26'),(628,21,252,55,9,28,'2016-04-26'),(629,21,252,55,9,28,'2016-04-26'),(630,21,252,55,9,28,'2016-04-26'),(631,21,252,55,9,28,'2016-04-26'),(632,21,252,55,9,28,'2016-04-26'),(633,21,252,55,9,28,'2016-04-26'),(634,21,252,55,9,28,'2016-04-26'),(635,21,252,55,9,28,'2016-04-26'),(636,21,252,55,9,28,'2016-04-26'),(637,21,252,55,9,28,'2016-04-26'),(638,21,252,55,9,28,'2016-04-26'),(639,21,252,55,9,28,'2016-04-26'),(640,21,252,55,9,28,'2016-04-26'),(641,21,252,55,9,28,'2016-04-26'),(642,21,252,55,9,28,'2016-04-26'),(643,21,252,55,9,28,'2016-04-26'),(644,21,252,55,9,28,'2016-04-26'),(645,21,252,55,9,28,'2016-04-26'),(646,21,252,55,9,28,'2016-04-26'),(647,21,252,55,9,28,'2016-04-26'),(648,21,252,55,9,28,'2016-04-26'),(649,21,252,55,9,28,'2016-04-26'),(650,21,252,55,9,28,'2016-04-26'),(651,21,252,55,9,28,'2016-04-26'),(652,21,252,55,9,28,'2016-04-26'),(653,21,252,55,9,28,'2016-04-26'),(654,21,252,55,9,28,'2016-04-26'),(655,21,252,55,9,28,'2016-04-26'),(656,21,252,55,9,28,'2016-04-26'),(657,21,252,55,9,28,'2016-04-26'),(658,21,252,55,9,28,'2016-04-26'),(659,21,252,55,9,28,'2016-04-26'),(660,21,252,55,9,28,'2016-04-26'),(661,21,252,55,9,28,'2016-04-26'),(662,21,252,55,9,28,'2016-04-26'),(663,21,252,55,9,28,'2016-04-26'),(664,21,252,55,9,28,'2016-04-26'),(665,21,252,55,9,28,'2016-04-26'),(666,21,252,55,9,28,'2016-04-26'),(667,21,252,55,9,28,'2016-04-26'),(668,21,252,55,9,28,'2016-04-26'),(669,21,252,55,9,28,'2016-04-26'),(670,21,252,55,9,28,'2016-04-26'),(671,21,252,55,9,28,'2016-04-26'),(672,21,252,55,9,28,'2016-04-26'),(673,21,252,55,9,28,'2016-04-26'),(674,21,252,55,9,28,'2016-04-26'),(675,21,252,55,9,28,'2016-04-26'),(676,21,252,55,9,28,'2016-04-26'),(677,21,252,55,9,28,'2016-04-26'),(678,21,252,55,9,28,'2016-04-26'),(679,21,252,55,9,28,'2016-04-26'),(680,21,252,55,9,28,'2016-04-26'),(681,21,252,55,9,28,'2016-04-26'),(682,21,252,55,9,28,'2016-04-26'),(683,21,252,55,9,28,'2016-04-26'),(684,21,252,55,9,28,'2016-04-26'),(685,21,252,55,9,28,'2016-04-26'),(686,21,252,55,9,28,'2016-04-26'),(687,21,252,55,9,28,'2016-04-26'),(688,21,252,55,9,28,'2016-04-26'),(689,21,252,55,9,28,'2016-04-26'),(690,21,252,55,9,28,'2016-04-26'),(691,21,252,55,9,28,'2016-04-26'),(692,21,252,55,9,28,'2016-04-26'),(693,21,252,55,9,28,'2016-04-26'),(694,21,252,55,9,28,'2016-04-26'),(695,21,252,55,9,28,'2016-04-26'),(696,21,252,55,9,28,'2016-04-26'),(697,21,252,55,9,28,'2016-04-26'),(698,21,252,55,9,28,'2016-04-26'),(699,21,252,55,9,28,'2016-04-26'),(700,21,252,55,9,28,'2016-04-26'),(701,21,252,55,9,28,'2016-04-26'),(702,21,252,55,9,28,'2016-04-26'),(703,21,252,55,9,28,'2016-04-26'),(704,21,252,55,9,28,'2016-04-26'),(705,21,252,55,9,28,'2016-04-26'),(706,21,252,55,9,28,'2016-04-26'),(707,21,252,55,9,28,'2016-04-26'),(708,21,252,55,9,28,'2016-04-26'),(709,21,252,55,9,28,'2016-04-26'),(710,21,252,55,9,28,'2016-04-26'),(711,21,252,55,9,28,'2016-04-26'),(712,21,252,55,9,28,'2016-04-26'),(713,21,252,55,9,28,'2016-04-26'),(714,21,252,55,9,28,'2016-04-26'),(715,21,252,55,9,28,'2016-04-26'),(716,21,252,55,9,28,'2016-04-26'),(717,21,252,55,9,28,'2016-04-26'),(718,21,252,55,9,28,'2016-04-26'),(719,21,252,55,9,28,'2016-04-26'),(720,21,252,55,9,28,'2016-04-26'),(721,21,252,55,9,28,'2016-04-26'),(722,21,252,55,9,28,'2016-04-26'),(723,21,252,55,9,28,'2016-04-26'),(724,21,252,55,9,28,'2016-04-26'),(725,21,252,55,9,28,'2016-04-26'),(726,21,252,55,9,28,'2016-04-26'),(727,21,252,55,9,28,'2016-04-26'),(728,21,252,55,9,28,'2016-04-26'),(729,21,252,55,9,28,'2016-04-26'),(730,21,252,55,9,28,'2016-04-26'),(731,21,252,55,9,28,'2016-04-26'),(732,21,252,55,9,28,'2016-04-26'),(733,21,252,55,9,28,'2016-04-26'),(734,21,252,55,9,28,'2016-04-26'),(735,21,252,55,9,28,'2016-04-26'),(736,21,252,55,9,28,'2016-04-26'),(737,21,252,55,9,28,'2016-04-26'),(738,21,252,55,9,28,'2016-04-26'),(739,21,252,55,9,28,'2016-04-26'),(740,21,252,55,9,28,'2016-04-26'),(741,21,252,55,9,28,'2016-04-26'),(742,21,252,55,9,28,'2016-04-26'),(743,21,252,55,9,28,'2016-04-26'),(744,21,252,55,9,28,'2016-04-26'),(745,21,252,55,9,28,'2016-04-26'),(746,21,252,55,9,28,'2016-04-26'),(747,21,252,55,9,28,'2016-04-26'),(748,21,252,55,9,28,'2016-04-26'),(749,21,252,55,9,28,'2016-04-26'),(750,21,252,55,9,28,'2016-04-26'),(751,21,252,55,9,28,'2016-04-26'),(752,21,252,55,9,28,'2016-04-26'),(753,21,252,55,9,28,'2016-04-26'),(754,0,0,56,8,27,'2016-04-26'),(755,25,32.5,56,8,27,'2016-04-26'),(756,25,32.5,56,8,27,'2016-04-26'),(757,25,32.5,56,8,27,'2016-04-26'),(758,0,0,57,40,43,'2016-04-27'),(759,14,19.6,57,40,43,'2016-04-27'),(760,14,19.6,57,40,43,'2016-04-27'),(761,14,19.6,57,40,43,'2016-04-27'),(762,14,19.6,57,40,43,'2016-04-27'),(763,14,19.6,57,40,43,'2016-04-27'),(764,14,19.6,57,40,43,'2016-04-27'),(765,14,19.6,57,40,43,'2016-04-27'),(766,14,19.6,57,40,43,'2016-04-27'),(767,14,19.6,57,40,43,'2016-04-27'),(768,14,19.6,57,40,43,'2016-04-27'),(769,14,19.6,57,40,43,'2016-04-27'),(770,14,19.6,57,40,43,'2016-04-27'),(771,14,19.6,57,40,43,'2016-04-27'),(772,14,19.6,57,40,43,'2016-04-27'),(773,14,19.6,57,40,43,'2016-04-27'),(774,14,19.6,57,40,43,'2016-04-27'),(775,14,19.6,57,40,43,'2016-04-27'),(776,14,19.6,57,40,43,'2016-04-27'),(777,14,19.6,57,40,43,'2016-04-27'),(778,14,19.6,57,40,43,'2016-04-27'),(779,14,19.6,57,40,43,'2016-04-27'),(780,14,19.6,57,40,43,'2016-04-27'),(781,14,19.6,57,40,43,'2016-04-27'),(782,14,19.6,57,40,43,'2016-04-27'),(783,14,19.6,57,40,43,'2016-04-27'),(784,14,19.6,57,40,43,'2016-04-27'),(785,14,19.6,57,40,43,'2016-04-27'),(786,14,19.6,57,40,43,'2016-04-27'),(787,14,19.6,57,40,43,'2016-04-27'),(788,0,0,57,40,43,'2016-04-27'),(789,0,0,59,40,43,'2016-05-10'),(790,14,19.6,59,40,43,'2016-05-10'),(791,14,19.6,59,40,43,'2016-05-10'),(792,14,19.6,59,40,43,'2016-05-10'),(793,14,19.6,59,40,43,'2016-05-10'),(794,14,19.6,59,40,43,'2016-05-10'),(795,14,19.6,59,40,43,'2016-05-10'),(796,14,19.6,59,40,43,'2016-05-10'),(797,14,19.6,59,40,43,'2016-05-10'),(798,14,19.6,59,40,43,'2016-05-10'),(799,14,19.6,59,40,43,'2016-05-10'),(800,14,19.6,59,40,43,'2016-05-10'),(801,14,19.6,59,40,43,'2016-05-10'),(802,14,19.6,59,40,43,'2016-05-10'),(803,14,19.6,59,40,43,'2016-05-10'),(804,14,19.6,59,40,43,'2016-05-10'),(805,14,19.6,59,40,43,'2016-05-10'),(806,14,19.6,59,40,43,'2016-05-10'),(807,14,19.6,59,40,43,'2016-05-10'),(808,14,19.6,59,40,43,'2016-05-10'),(809,14,19.6,59,40,43,'2016-05-10'),(810,14,19.6,59,40,43,'2016-05-10'),(811,14,19.6,59,40,43,'2016-05-10'),(812,14,19.6,59,40,43,'2016-05-10'),(813,14,19.6,59,40,43,'2016-05-10'),(814,14,19.6,59,40,43,'2016-05-10'),(815,14,19.6,59,40,43,'2016-05-10'),(816,14,19.6,59,40,43,'2016-05-10'),(817,14,19.6,59,40,43,'2016-05-10'),(818,14,19.6,59,40,43,'2016-05-10'),(819,14,19.6,59,40,43,'2016-05-10');
/*!40000 ALTER TABLE `globalconsumptionlist` ENABLE KEYS */;
UNLOCK TABLES;

--
-- Table structure for table `globalenergyvendor`
--

DROP TABLE IF EXISTS `globalenergyvendor`;
/*!40101 SET @saved_cs_client     = @@character_set_client */;
/*!40101 SET character_set_client = utf8 */;
CREATE TABLE `globalenergyvendor` (
  `GlobalVendorId` int(11) NOT NULL AUTO_INCREMENT,
  `GlobalEnergyVendorName` char(40) NOT NULL,
  `GlobalEnergyVendorDescription` char(100) DEFAULT NULL,
  `UserId` int(11) DEFAULT NULL,
  PRIMARY KEY (`GlobalVendorId`),
  UNIQUE KEY `GlobalEnergyVendorName` (`GlobalEnergyVendorName`),
  KEY `IX_Relationship52` (`UserId`),
  CONSTRAINT `Relationship52` FOREIGN KEY (`UserId`) REFERENCES `useraccount` (`UserId`)
) ENGINE=InnoDB AUTO_INCREMENT=44 DEFAULT CHARSET=utf8;
/*!40101 SET character_set_client = @saved_cs_client */;

--
-- Dumping data for table `globalenergyvendor`
--

LOCK TABLES `globalenergyvendor` WRITE;
/*!40000 ALTER TABLE `globalenergyvendor` DISABLE KEYS */;
INSERT INTO `globalenergyvendor` VALUES (20,'g','g',86),(21,'gt','gt',87),(23,'gy','g',92),(25,'gggg','g',97),(27,'Global','GlobalDesc',112),(28,'Gty','sadhk',117),(29,'gha','ahsgd',130),(30,'klajsdkljasd','ksaljdklsa',131),(31,'nmmn,m','mnnmnm',132),(32,'gtyy','gtyy',133),(33,'vcddff','jkhjkh',134),(34,'aslkdj','kljsakdlj',136),(35,'hjgghjg','hjghj',137),(36,'vnbvbnv','cxzcxz',138),(37,'nvbvnbvnv','bvbnvnbv',139),(38,'kdjfkdjsljlfsjd','kjakldajlkdj',141),(39,'askldjaslkj','kasjdlkjsdlk',142),(40,'askjdsakj','askjdlksjd',143),(41,'globetrott','glbetrott',152),(42,'Global_Vendor','Global Vendor Description',162),(43,'GlobalVend','Glob',164);
/*!40000 ALTER TABLE `globalenergyvendor` ENABLE KEYS */;
UNLOCK TABLES;

--
-- Table structure for table `globalservices`
--

DROP TABLE IF EXISTS `globalservices`;
/*!40101 SET @saved_cs_client     = @@character_set_client */;
/*!40101 SET character_set_client = utf8 */;
CREATE TABLE `globalservices` (
  `GlobalServiceId` int(11) NOT NULL AUTO_INCREMENT,
  `GlobalServiceName` char(20) NOT NULL,
  `GlobalDescription` char(100) DEFAULT NULL,
  `RatePerPower` float NOT NULL,
  `GlobalVendorId` int(11) NOT NULL,
  PRIMARY KEY (`GlobalServiceId`,`GlobalVendorId`),
  KEY `Relationship55` (`GlobalVendorId`),
  CONSTRAINT `Relationship55` FOREIGN KEY (`GlobalVendorId`) REFERENCES `globalenergyvendor` (`GlobalVendorId`)
) ENGINE=InnoDB AUTO_INCREMENT=41 DEFAULT CHARSET=utf8;
/*!40101 SET character_set_client = @saved_cs_client */;

--
-- Dumping data for table `globalservices`
--

LOCK TABLES `globalservices` WRITE;
/*!40000 ALTER TABLE `globalservices` DISABLE KEYS */;
INSERT INTO `globalservices` VALUES (5,'bmnb','1',1,21),(6,'lkasjdlkj','kasdjlksaj',1.3,20),(7,'mn','mn,m',1,25),(8,'Gservice','B',1.3,27),(9,'v','vbvb',12,28),(10,'g1','jkhkjh',12,29),(11,'g2','kjsd',78,29),(12,'23','kljdj',89,29),(13,'sad','kjk',12,30),(14,'sadklj','kaljsdklj',123,31),(15,'ssad','askljd',2671,31),(16,'asdas','asdasd',12,32),(17,'asdsad','asdd',67,32),(18,'asdas','asdasd',12,32),(19,'asdsad','asdd',67,32),(20,'asdas','asdasd',12,32),(21,'asdsad','asdd',67,32),(22,'21','3ad',12,33),(23,'21','aslkd;lk',12,33),(24,'sad','sad',1,34),(25,'12','asd',12,34),(26,'sad','sad',1,34),(27,'12','asd',12,34),(28,'fhgfghf','hgfghf',12,35),(29,'jhjh','gfghfh',133,36),(30,'asdksjd','kjasdklj',12,38),(31,'hgasdhj','sdmhj',18,38),(32,'asdjjk','kjhjlkjl',14,39),(33,'jkashdkj','jhasdkjhs',546,40),(34,'hkjjkh','jcklkj',122,40),(35,'aakjsd','ksjak',12,41),(36,'FossilFuel','Fossil fuels will be used as backup',1.5,42),(37,'Geothermal','Alternate Source Best',1.9,42),(38,'NuclearPower','Can be dangerous',2.5,42),(39,'G','sjssdag',1.3,43),(40,'G1','sad',1.4,43);
/*!40000 ALTER TABLE `globalservices` ENABLE KEYS */;
UNLOCK TABLES;

--
-- Table structure for table `localconsumptionlist`
--

DROP TABLE IF EXISTS `localconsumptionlist`;
/*!40101 SET @saved_cs_client     = @@character_set_client */;
/*!40101 SET character_set_client = utf8 */;
CREATE TABLE `localconsumptionlist` (
  `LocalConsumptionId` int(11) NOT NULL AUTO_INCREMENT,
  `LocalVoltageConsumed` float NOT NULL,
  `ChargedAmount` float NOT NULL,
  `LocalServicesId` int(11) NOT NULL,
  `LocalEnergyVendorId` int(11) NOT NULL,
  `ConsumerId` int(11) NOT NULL,
  `DateTimeVolatgeConsumed` date NOT NULL,
  PRIMARY KEY (`LocalConsumptionId`,`LocalServicesId`,`LocalEnergyVendorId`,`ConsumerId`),
  KEY `Relationship23` (`LocalServicesId`,`LocalEnergyVendorId`),
  KEY `Relationship34` (`ConsumerId`),
  CONSTRAINT `Relationship23` FOREIGN KEY (`LocalServicesId`, `LocalEnergyVendorId`) REFERENCES `localenergyservices` (`LocalServicesId`, `LocalEnergyVendorId`),
  CONSTRAINT `Relationship34` FOREIGN KEY (`ConsumerId`) REFERENCES `consumer` (`ConsumerId`)
) ENGINE=InnoDB AUTO_INCREMENT=1179 DEFAULT CHARSET=utf8;
/*!40101 SET character_set_client = @saved_cs_client */;

--
-- Dumping data for table `localconsumptionlist`
--

LOCK TABLES `localconsumptionlist` WRITE;
/*!40000 ALTER TABLE `localconsumptionlist` DISABLE KEYS */;
INSERT INTO `localconsumptionlist` VALUES (229,0,0,44,72,45,'2016-04-26'),(230,24,24,44,72,45,'2016-04-26'),(231,24,24,44,72,45,'2016-04-26'),(232,24,24,44,72,45,'2016-04-26'),(233,24,24,44,72,45,'2016-04-26'),(234,24,24,44,72,45,'2016-04-26'),(235,24,24,44,72,45,'2016-04-26'),(236,24,24,44,72,45,'2016-04-26'),(237,24,24,44,72,45,'2016-04-26'),(238,24,24,44,72,45,'2016-04-26'),(239,24,24,44,72,45,'2016-04-26'),(240,24,24,44,72,45,'2016-04-26'),(241,24,24,44,72,45,'2016-04-26'),(242,24,24,44,72,45,'2016-04-26'),(243,24,24,44,72,45,'2016-04-26'),(244,24,24,44,72,45,'2016-04-26'),(245,24,24,44,72,45,'2016-04-26'),(246,24,24,44,72,45,'2016-04-26'),(247,24,24,44,72,45,'2016-04-26'),(248,24,24,44,72,45,'2016-04-26'),(249,24,24,44,72,45,'2016-04-26'),(250,24,24,44,72,45,'2016-04-26'),(251,24,24,44,72,45,'2016-04-26'),(252,24,24,44,72,45,'2016-04-26'),(253,24,24,44,72,45,'2016-04-26'),(254,24,24,44,72,45,'2016-04-26'),(255,24,24,44,72,45,'2016-04-26'),(256,24,24,44,72,45,'2016-04-26'),(257,24,24,44,72,45,'2016-04-26'),(258,24,24,44,72,45,'2016-04-26'),(259,24,24,44,72,45,'2016-04-26'),(260,24,24,44,72,45,'2016-04-26'),(261,24,24,44,72,45,'2016-04-26'),(262,24,24,44,72,45,'2016-04-26'),(263,24,24,44,72,45,'2016-04-26'),(264,24,24,44,72,45,'2016-04-26'),(265,24,24,44,72,45,'2016-04-26'),(266,24,24,44,72,45,'2016-04-26'),(267,24,24,44,72,45,'2016-04-26'),(268,24,24,44,72,45,'2016-04-26'),(269,24,24,44,72,45,'2016-04-26'),(270,24,24,44,72,45,'2016-04-26'),(271,24,24,44,72,45,'2016-04-26'),(272,24,24,44,72,45,'2016-04-26'),(273,24,24,44,72,45,'2016-04-26'),(274,24,24,44,72,45,'2016-04-26'),(275,24,24,44,72,45,'2016-04-26'),(276,45,45,44,72,45,'2016-04-26'),(277,0,0,44,72,45,'2016-04-26'),(278,0,0,44,72,45,'2016-04-26'),(279,0,0,63,76,46,'2016-04-26'),(280,33,759,63,76,46,'2016-04-26'),(281,33,759,63,76,46,'2016-04-26'),(282,33,759,63,76,46,'2016-04-26'),(283,33,759,63,76,46,'2016-04-26'),(284,33,759,63,76,46,'2016-04-26'),(285,33,759,63,76,46,'2016-04-26'),(286,33,759,63,76,46,'2016-04-26'),(287,33,759,63,76,46,'2016-04-26'),(288,33,759,63,76,46,'2016-04-26'),(289,33,759,63,76,46,'2016-04-26'),(290,33,759,63,76,46,'2016-04-26'),(291,33,759,63,76,46,'2016-04-26'),(292,33,759,63,76,46,'2016-04-26'),(293,33,759,63,76,46,'2016-04-26'),(294,33,759,63,76,46,'2016-04-26'),(295,0,0,63,76,46,'2016-04-26'),(296,31,713,63,76,46,'2016-04-26'),(297,31,713,63,76,46,'2016-04-26'),(298,31,713,63,76,46,'2016-04-26'),(299,31,713,63,76,46,'2016-04-26'),(300,31,713,63,76,46,'2016-04-26'),(301,31,713,63,76,46,'2016-04-26'),(302,31,713,63,76,46,'2016-04-26'),(303,31,713,63,76,46,'2016-04-26'),(304,31,713,63,76,46,'2016-04-26'),(305,31,713,63,76,46,'2016-04-26'),(306,31,713,63,76,46,'2016-04-26'),(307,31,713,63,76,46,'2016-04-26'),(308,31,713,63,76,46,'2016-04-26'),(309,31,713,63,76,46,'2016-04-26'),(310,31,713,63,76,46,'2016-04-26'),(311,31,713,63,76,46,'2016-04-26'),(312,31,713,63,76,46,'2016-04-26'),(313,31,713,63,76,46,'2016-04-26'),(314,31,713,63,76,46,'2016-04-26'),(315,31,713,63,76,46,'2016-04-26'),(316,31,713,63,76,46,'2016-04-26'),(317,31,713,63,76,46,'2016-04-26'),(318,31,713,63,76,46,'2016-04-26'),(319,31,713,63,76,46,'2016-04-26'),(320,31,713,63,76,46,'2016-04-26'),(321,31,713,63,76,46,'2016-04-26'),(322,31,713,63,76,46,'2016-04-26'),(323,132,3036,63,76,46,'2016-04-26'),(324,132,3036,63,76,46,'2016-04-26'),(325,132,3036,63,76,46,'2016-04-26'),(326,132,3036,63,76,46,'2016-04-26'),(327,132,3036,63,76,46,'2016-04-26'),(328,132,3036,63,76,46,'2016-04-26'),(329,132,3036,63,76,46,'2016-04-26'),(330,132,3036,63,76,46,'2016-04-26'),(331,132,3036,63,76,46,'2016-04-26'),(332,132,3036,63,76,46,'2016-04-26'),(333,132,3036,63,76,46,'2016-04-26'),(334,132,3036,63,76,46,'2016-04-26'),(335,132,3036,63,76,46,'2016-04-26'),(336,132,3036,63,76,46,'2016-04-26'),(337,132,3036,63,76,46,'2016-04-26'),(338,132,3036,63,76,46,'2016-04-26'),(339,132,3036,63,76,46,'2016-04-26'),(340,132,3036,63,76,46,'2016-04-26'),(341,0,0,64,76,47,'2016-04-26'),(342,33,759,64,76,47,'2016-04-26'),(343,33,759,64,76,47,'2016-04-26'),(344,33,759,64,76,47,'2016-04-26'),(345,33,759,64,76,47,'2016-04-26'),(346,33,759,64,76,47,'2016-04-26'),(347,33,759,64,76,47,'2016-04-26'),(348,33,759,64,76,47,'2016-04-26'),(349,33,759,64,76,47,'2016-04-26'),(350,33,759,64,76,47,'2016-04-26'),(351,33,759,64,76,47,'2016-04-26'),(352,33,759,64,76,47,'2016-04-26'),(353,33,759,64,76,47,'2016-04-26'),(354,33,759,64,76,47,'2016-04-26'),(355,33,759,64,76,47,'2016-04-26'),(356,33,759,64,76,47,'2016-04-26'),(357,33,759,64,76,47,'2016-04-26'),(358,33,759,64,76,47,'2016-04-26'),(359,33,759,64,76,47,'2016-04-26'),(360,33,759,64,76,47,'2016-04-26'),(361,33,759,64,76,47,'2016-04-26'),(362,33,759,64,76,47,'2016-04-26'),(363,33,759,64,76,47,'2016-04-26'),(364,33,759,64,76,47,'2016-04-26'),(365,33,759,64,76,47,'2016-04-26'),(366,33,759,64,76,47,'2016-04-26'),(367,33,759,64,76,47,'2016-04-26'),(368,33,759,64,76,47,'2016-04-26'),(369,33,759,64,76,47,'2016-04-26'),(370,33,759,64,76,47,'2016-04-26'),(371,33,759,64,76,47,'2016-04-26'),(372,33,759,64,76,47,'2016-04-26'),(373,33,759,64,76,47,'2016-04-26'),(374,33,759,64,76,47,'2016-04-26'),(375,33,759,64,76,47,'2016-04-26'),(376,33,759,64,76,47,'2016-04-26'),(377,33,759,64,76,47,'2016-04-26'),(378,33,759,64,76,47,'2016-04-26'),(379,33,759,64,76,47,'2016-04-26'),(380,33,759,64,76,47,'2016-04-26'),(381,33,759,64,76,47,'2016-04-26'),(382,33,759,64,76,47,'2016-04-26'),(383,33,759,64,76,47,'2016-04-26'),(384,33,759,64,76,47,'2016-04-26'),(385,33,759,64,76,47,'2016-04-26'),(386,33,759,64,76,47,'2016-04-26'),(387,33,759,64,76,47,'2016-04-26'),(388,33,759,64,76,47,'2016-04-26'),(389,33,759,64,76,47,'2016-04-26'),(390,33,759,64,76,47,'2016-04-26'),(391,33,759,64,76,47,'2016-04-26'),(392,33,759,64,76,47,'2016-04-26'),(393,33,759,64,76,47,'2016-04-26'),(394,33,759,64,76,47,'2016-04-26'),(395,33,759,64,76,47,'2016-04-26'),(396,33,759,64,76,47,'2016-04-26'),(397,33,759,64,76,47,'2016-04-26'),(398,0,0,64,76,48,'2016-04-26'),(399,0,0,64,76,48,'2016-04-26'),(400,0,0,63,76,48,'2016-04-26'),(401,0,0,63,76,49,'2016-04-26'),(402,12,276,63,76,49,'2016-04-26'),(403,12,276,63,76,49,'2016-04-26'),(404,12,276,63,76,49,'2016-04-26'),(405,12,276,63,76,49,'2016-04-26'),(406,12,276,63,76,49,'2016-04-26'),(407,12,276,63,76,49,'2016-04-26'),(408,12,276,63,76,49,'2016-04-26'),(409,12,276,63,76,49,'2016-04-26'),(410,12,276,63,76,49,'2016-04-26'),(411,12,276,63,76,49,'2016-04-26'),(412,12,276,63,76,49,'2016-04-26'),(413,12,276,63,76,49,'2016-04-26'),(445,0,0,63,76,51,'2016-04-26'),(446,21,483,63,76,51,'2016-04-26'),(447,21,483,63,76,51,'2016-04-26'),(448,21,483,63,76,51,'2016-04-26'),(449,21,483,63,76,51,'2016-04-26'),(450,21,483,63,76,51,'2016-04-26'),(451,21,483,63,76,51,'2016-04-26'),(452,21,483,63,76,51,'2016-04-26'),(453,21,483,63,76,51,'2016-04-26'),(454,21,483,63,76,51,'2016-04-26'),(455,21,483,63,76,51,'2016-04-26'),(456,21,483,63,76,51,'2016-04-26'),(457,21,483,63,76,51,'2016-04-26'),(458,21,483,63,76,51,'2016-04-26'),(459,21,483,63,76,51,'2016-04-26'),(460,21,483,63,76,51,'2016-04-26'),(461,21,483,63,76,51,'2016-04-26'),(462,21,483,63,76,51,'2016-04-26'),(463,21,483,63,76,51,'2016-04-26'),(464,21,483,63,76,51,'2016-04-26'),(466,0,0,63,76,52,'2016-04-26'),(467,21,483,63,76,52,'2016-04-26'),(468,21,483,63,76,52,'2016-04-26'),(469,21,483,63,76,52,'2016-04-26'),(470,21,483,63,76,52,'2016-04-26'),(471,21,483,63,76,52,'2016-04-26'),(472,21,483,63,76,52,'2016-04-26'),(473,21,483,63,76,52,'2016-04-26'),(474,21,483,63,76,52,'2016-04-26'),(475,21,483,63,76,52,'2016-04-26'),(476,21,483,63,76,52,'2016-04-26'),(477,21,483,63,76,52,'2016-04-26'),(478,21,483,63,76,52,'2016-04-26'),(479,21,483,63,76,52,'2016-04-26'),(480,21,483,63,76,52,'2016-04-26'),(481,21,483,63,76,52,'2016-04-26'),(482,21,483,63,76,52,'2016-04-26'),(483,21,483,63,76,52,'2016-04-26'),(484,21,483,63,76,52,'2016-04-26'),(485,21,483,63,76,52,'2016-04-26'),(486,21,483,63,76,52,'2016-04-26'),(487,21,483,63,76,52,'2016-04-26'),(488,21,483,63,76,52,'2016-04-26'),(489,21,483,63,76,52,'2016-04-26'),(490,21,483,63,76,52,'2016-04-26'),(491,21,483,63,76,52,'2016-04-26'),(492,21,483,63,76,52,'2016-04-26'),(493,12,276,63,76,52,'2016-04-26'),(494,12,276,63,76,52,'2016-04-26'),(495,12,276,63,76,52,'2016-04-26'),(496,12,276,63,76,52,'2016-04-26'),(497,12,276,63,76,52,'2016-04-26'),(498,12,276,63,76,52,'2016-04-26'),(499,0,0,65,77,53,'2016-04-26'),(500,21,252,65,77,53,'2016-04-26'),(501,21,252,65,77,53,'2016-04-26'),(502,21,252,65,77,53,'2016-04-26'),(503,21,252,65,77,53,'2016-04-26'),(504,21,252,65,77,53,'2016-04-26'),(505,21,252,65,77,53,'2016-04-26'),(506,21,252,65,77,53,'2016-04-26'),(507,21,252,65,77,53,'2016-04-26'),(508,21,252,65,77,53,'2016-04-26'),(509,21,252,65,77,53,'2016-04-26'),(510,21,252,65,77,53,'2016-04-26'),(511,21,252,65,77,53,'2016-04-26'),(512,21,252,65,77,53,'2016-04-26'),(513,21,252,65,77,53,'2016-04-26'),(514,21,252,65,77,53,'2016-04-26'),(515,21,252,65,77,53,'2016-04-26'),(516,0,0,39,70,54,'2016-04-26'),(517,32,384,39,70,54,'2016-04-26'),(518,32,384,39,70,54,'2016-04-26'),(519,32,384,39,70,54,'2016-04-26'),(520,32,384,39,70,54,'2016-04-26'),(521,32,384,39,70,54,'2016-04-26'),(522,32,384,39,70,54,'2016-04-26'),(523,32,384,39,70,54,'2016-04-26'),(524,32,384,39,70,54,'2016-04-26'),(525,32,384,39,70,54,'2016-04-26'),(526,32,384,39,70,54,'2016-04-26'),(527,32,384,39,70,54,'2016-04-26'),(528,32,384,39,70,54,'2016-04-26'),(529,32,384,39,70,54,'2016-04-26'),(530,32,384,39,70,54,'2016-04-26'),(531,32,384,39,70,54,'2016-04-26'),(532,32,384,39,70,54,'2016-04-26'),(533,32,384,39,70,54,'2016-04-26'),(534,32,384,39,70,54,'2016-04-26'),(535,32,384,39,70,54,'2016-04-26'),(536,32,384,39,70,54,'2016-04-26'),(537,32,384,39,70,54,'2016-04-26'),(538,32,384,39,70,54,'2016-04-26'),(539,32,384,39,70,54,'2016-04-26'),(540,32,384,39,70,54,'2016-04-26'),(541,32,384,39,70,54,'2016-04-26'),(542,32,384,39,70,54,'2016-04-26'),(543,32,384,39,70,54,'2016-04-26'),(544,32,384,39,70,54,'2016-04-26'),(545,32,384,39,70,54,'2016-04-26'),(546,32,384,39,70,54,'2016-04-26'),(547,32,384,39,70,54,'2016-04-26'),(548,0,0,65,77,55,'2016-04-26'),(549,0,0,63,76,49,'2016-04-26'),(550,21,483,63,76,49,'2016-04-26'),(551,21,483,63,76,49,'2016-04-26'),(552,21,483,63,76,49,'2016-04-26'),(553,0,0,51,72,49,'2016-04-26'),(554,0,0,51,72,49,'2016-04-26'),(559,0,0,67,78,49,'2016-04-26'),(1096,0,0,63,76,56,'2016-04-26'),(1097,21,483,63,76,56,'2016-04-26'),(1098,21,483,63,76,56,'2016-04-26'),(1099,21,483,63,76,56,'2016-04-26'),(1100,21,483,63,76,56,'2016-04-26'),(1101,21,483,63,76,56,'2016-04-26'),(1102,0,0,77,82,57,'2016-04-27'),(1103,20,24,77,82,57,'2016-04-27'),(1104,20,24,77,82,57,'2016-04-27'),(1105,20,24,77,82,57,'2016-04-27'),(1106,20,24,77,82,57,'2016-04-27'),(1107,20,24,77,82,57,'2016-04-27'),(1108,20,24,77,82,57,'2016-04-27'),(1109,20,24,77,82,57,'2016-04-27'),(1110,20,24,77,82,57,'2016-04-27'),(1111,20,24,77,82,57,'2016-04-27'),(1112,20,24,77,82,57,'2016-04-27'),(1113,20,24,77,82,57,'2016-04-27'),(1114,20,24,77,82,57,'2016-04-27'),(1115,20,24,77,82,57,'2016-04-27'),(1116,20,24,77,82,57,'2016-04-27'),(1117,20,24,77,82,57,'2016-04-27'),(1118,20,24,77,82,57,'2016-04-27'),(1119,20,24,77,82,57,'2016-04-27'),(1120,20,24,77,82,57,'2016-04-27'),(1121,20,24,77,82,57,'2016-04-27'),(1122,20,24,77,82,57,'2016-04-27'),(1123,20,24,77,82,57,'2016-04-27'),(1124,20,24,77,82,57,'2016-04-27'),(1125,20,24,77,82,57,'2016-04-27'),(1126,20,24,77,82,57,'2016-04-27'),(1127,20,24,77,82,57,'2016-04-27'),(1128,20,24,77,82,57,'2016-04-27'),(1129,20,24,77,82,57,'2016-04-27'),(1130,20,24,77,82,57,'2016-04-27'),(1131,20,24,77,82,57,'2016-04-27'),(1132,20,24,77,82,57,'2016-04-27'),(1133,20,24,77,82,57,'2016-04-27'),(1134,20,24,77,82,57,'2016-04-27'),(1135,20,24,77,82,57,'2016-04-27'),(1136,20,24,77,82,57,'2016-04-27'),(1137,20,24,77,82,57,'2016-04-27'),(1138,20,24,77,82,57,'2016-04-27'),(1139,20,24,77,82,57,'2016-04-27'),(1140,20,24,77,82,57,'2016-04-27'),(1141,20,24,77,82,57,'2016-04-27'),(1142,20,24,77,82,57,'2016-04-27'),(1143,20,24,77,82,57,'2016-04-27'),(1144,20,24,77,82,57,'2016-04-27'),(1145,20,24,77,82,57,'2016-04-27'),(1146,0,0,77,82,57,'2016-04-27'),(1147,0,0,67,78,59,'2016-05-10'),(1148,21,42,67,78,59,'2016-05-10'),(1149,21,42,67,78,59,'2016-05-10'),(1150,21,42,67,78,59,'2016-05-10'),(1151,21,42,67,78,59,'2016-05-10'),(1152,21,42,67,78,59,'2016-05-10'),(1153,21,42,67,78,59,'2016-05-10'),(1154,21,42,67,78,59,'2016-05-10'),(1155,21,42,67,78,59,'2016-05-10'),(1156,21,42,67,78,59,'2016-05-10'),(1157,21,42,67,78,59,'2016-05-10'),(1158,21,42,67,78,59,'2016-05-10'),(1159,21,42,67,78,59,'2016-05-10'),(1160,21,42,67,78,59,'2016-05-10'),(1161,21,42,67,78,59,'2016-05-10'),(1162,21,42,67,78,59,'2016-05-10'),(1163,21,42,67,78,59,'2016-05-10'),(1164,21,42,67,78,59,'2016-05-10'),(1165,21,42,67,78,59,'2016-05-10'),(1166,21,42,67,78,59,'2016-05-10'),(1167,21,42,67,78,59,'2016-05-10'),(1168,21,42,67,78,59,'2016-05-10'),(1169,21,42,67,78,59,'2016-05-10'),(1170,21,42,67,78,59,'2016-05-10'),(1171,21,42,67,78,59,'2016-05-10'),(1172,21,42,67,78,59,'2016-05-10'),(1173,21,42,67,78,59,'2016-05-10'),(1174,21,42,67,78,59,'2016-05-10'),(1175,21,42,67,78,59,'2016-05-10'),(1176,21,42,67,78,59,'2016-05-10'),(1177,21,42,67,78,59,'2016-05-10'),(1178,21,42,67,78,59,'2016-05-10');
/*!40000 ALTER TABLE `localconsumptionlist` ENABLE KEYS */;
UNLOCK TABLES;

--
-- Table structure for table `localenergyservices`
--

DROP TABLE IF EXISTS `localenergyservices`;
/*!40101 SET @saved_cs_client     = @@character_set_client */;
/*!40101 SET character_set_client = utf8 */;
CREATE TABLE `localenergyservices` (
  `LocalServicesId` int(11) NOT NULL AUTO_INCREMENT,
  `LocalEnergyVendorId` int(11) NOT NULL,
  `LocalEnergyServiceName` varchar(20) NOT NULL,
  `LocalEnergyServiceDescription` varchar(100) DEFAULT NULL,
  `Rate` float NOT NULL,
  `Zip` varchar(5) NOT NULL,
  `NumberOfBatteriesInZip` int(11) NOT NULL,
  PRIMARY KEY (`LocalServicesId`,`LocalEnergyVendorId`),
  UNIQUE KEY `LocalEnergyServiceName` (`LocalEnergyServiceName`),
  KEY `LocalEnergy Vendor provides services` (`LocalEnergyVendorId`),
  CONSTRAINT `LocalEnergy Vendor provides services` FOREIGN KEY (`LocalEnergyVendorId`) REFERENCES `localenergyvendor` (`LocalEnergyVendorId`)
) ENGINE=InnoDB AUTO_INCREMENT=79 DEFAULT CHARSET=utf8;
/*!40101 SET character_set_client = @saved_cs_client */;

--
-- Dumping data for table `localenergyservices`
--

LOCK TABLES `localenergyservices` WRITE;
/*!40000 ALTER TABLE `localenergyservices` DISABLE KEYS */;
INSERT INTO `localenergyservices` VALUES (39,70,'ioyiy','jhasdkjh',12,'12345',12),(40,70,'yuyt','jkhkjlj',14,'16789',23),(42,70,'yutyut','jashdkjh',289,'17899',19),(43,70,'hsagdhgas','jsjkashkj',157,'16541',19),(44,72,'1','kjashdkj',1,'12345',12),(46,72,'ioou','ajskdsakj',12,'21123',123),(47,72,'ksjad','nasmd,msa,n',128,'21899',123),(48,72,'jhasdkj','masnm,',6,'12567',12),(49,72,'asjdnm,','samdnnm',7,'13456',98),(50,72,'asdkj','lk;laskd',8,'13467',98),(51,72,'56','kasjdlkj',89,'12345',12),(52,72,'yhg','kjasdjh',67,'12989',21),(53,75,'ghjkj','jjghgjhg',132,'44344',12),(54,75,'gfhgfg','vvnbvnvb',233,'34556',21),(55,76,'SolarMazza','ssklk',12,'12345',12),(59,76,'Vghjh','ksajd',12,'12345',7),(63,76,'KJHHJ','TGHFHGF',23,'12345',1),(64,76,'FDGFD','HGFGHFGH',23,'12345',2),(65,77,'gsaj','kljasdl',12,'12345',12),(66,77,'askjd','kjldaj',22,'12345',13),(67,78,'2','ksak',2,'12345',1),(70,79,'asdasd','kjsad',19,'12345',12),(71,79,'asdjk','jhadshj',21,'12345',21),(72,79,'hjadsk','asdkj',12,'12345',21),(73,80,'Nee','kjsa',12,'12345',12),(74,80,'jkkk','asdd',21,'12345',23),(75,81,'SolarWindPanel','This solar Panel will enhance your life.',2,'12345',10),(76,81,'WindSolarPower','This is cheap option.',1.3,'12345',5),(77,82,'Solar','jdgsha',1.2,'12345',10),(78,82,'Wind','jhdsjh',1.5,'12345',14);
/*!40000 ALTER TABLE `localenergyservices` ENABLE KEYS */;
UNLOCK TABLES;

--
-- Table structure for table `localenergyvendor`
--

DROP TABLE IF EXISTS `localenergyvendor`;
/*!40101 SET @saved_cs_client     = @@character_set_client */;
/*!40101 SET character_set_client = utf8 */;
CREATE TABLE `localenergyvendor` (
  `LocalEnergyVendorId` int(11) NOT NULL AUTO_INCREMENT,
  `LocalEnergyVendorName` char(40) NOT NULL,
  `LocalEnergyVendorDescription` char(200) DEFAULT NULL,
  `UserId` int(11) DEFAULT NULL,
  PRIMARY KEY (`LocalEnergyVendorId`),
  UNIQUE KEY `LocalEnergyVendorName` (`LocalEnergyVendorName`),
  KEY `IX_Relationship51` (`UserId`),
  CONSTRAINT `Relationship51` FOREIGN KEY (`UserId`) REFERENCES `useraccount` (`UserId`)
) ENGINE=InnoDB AUTO_INCREMENT=83 DEFAULT CHARSET=utf8;
/*!40101 SET character_set_client = @saved_cs_client */;

--
-- Dumping data for table `localenergyvendor`
--

LOCK TABLES `localenergyvendor` WRITE;
/*!40000 ALTER TABLE `localenergyvendor` DISABLE KEYS */;
INSERT INTO `localenergyvendor` VALUES (42,'nb','nb',84),(43,'lman','lman',88),(44,'l','l',98),(45,'lox','lox',101),(47,'bnn','bnnn',104),(48,'kasjdklj','lkasjdlksajd',105),(49,'bvbvbvv','bvbvbbv\r\n',106),(51,'kjkj','kjkjkj',107),(53,'Local Vendor','LocalVendorDesc',108),(54,'lone','lone',110),(55,'loc','loc',113),(56,'local','locals',115),(58,'bgfg','ghhh',116),(59,'lut','lut',118),(60,'louy','lousi',119),(61,'liy','liy',120),(64,'ldash','ldash',121),(65,'lkk','lkk',122),(66,'lkkpp','lkkp',123),(67,'uyt','masd',124),(68,'jkasdklasj','skladjlksajdkl',125),(69,'jhjh','jkhkjhkj',126),(70,'ghh','jkashkjdh',127),(71,'jkashdkjh','haskjdhsakjh',128),(72,'kashdkj','kasjdklj',129),(74,'ioiuoiuoiu','oiiouoiuoiu',135),(75,'jkhjkh','hhjggh',140),(76,'LocalVendor','LocalVEndorsss',145),(77,'lvv','lvv',147),(78,'Locakk','localll',151),(79,'SolarPower','SolarPowerShow',155),(80,'lvendor','lvendor',159),(81,'SolarRanger','Solar Power is best',161),(82,'LocalVenderEner','Loc',163);
/*!40000 ALTER TABLE `localenergyvendor` ENABLE KEYS */;
UNLOCK TABLES;

--
-- Table structure for table `roles`
--

DROP TABLE IF EXISTS `roles`;
/*!40101 SET @saved_cs_client     = @@character_set_client */;
/*!40101 SET character_set_client = utf8 */;
CREATE TABLE `roles` (
  `RoleId` int(11) NOT NULL,
  `RoleName` char(20) NOT NULL,
  PRIMARY KEY (`RoleId`),
  UNIQUE KEY `RoleName` (`RoleName`)
) ENGINE=InnoDB DEFAULT CHARSET=utf8;
/*!40101 SET character_set_client = @saved_cs_client */;

--
-- Dumping data for table `roles`
--

LOCK TABLES `roles` WRITE;
/*!40000 ALTER TABLE `roles` DISABLE KEYS */;
INSERT INTO `roles` VALUES (1,'Consumer'),(3,'GlobalEnergy'),(2,'LocalEnergy');
/*!40000 ALTER TABLE `roles` ENABLE KEYS */;
UNLOCK TABLES;

--
-- Table structure for table `useraccount`
--

DROP TABLE IF EXISTS `useraccount`;
/*!40101 SET @saved_cs_client     = @@character_set_client */;
/*!40101 SET character_set_client = utf8 */;
CREATE TABLE `useraccount` (
  `UserName` char(20) NOT NULL,
  `UserId` int(11) NOT NULL AUTO_INCREMENT,
  `Password` char(20) NOT NULL,
  `RoleId` int(11) DEFAULT NULL,
  PRIMARY KEY (`UserId`),
  UNIQUE KEY `UserName` (`UserName`),
  KEY `IX_Relationship49` (`RoleId`),
  CONSTRAINT `Relationship49` FOREIGN KEY (`RoleId`) REFERENCES `roles` (`RoleId`)
) ENGINE=InnoDB AUTO_INCREMENT=168 DEFAULT CHARSET=utf8;
/*!40101 SET character_set_client = @saved_cs_client */;

--
-- Dumping data for table `useraccount`
--

LOCK TABLES `useraccount` WRITE;
/*!40000 ALTER TABLE `useraccount` DISABLE KEYS */;
INSERT INTO `useraccount` VALUES ('nb',84,'nb',2),('ghm',85,'ghm',3),('g',86,'g',3),('gt',87,'gt',3),('lman',88,'lman',2),('tyyy',92,'tyyy',3),('c',93,'c',1),('bhh',95,',klj',1),('ggggghh',97,'hjjk',3),('l',98,'l',2),('cf',99,'cf',1),('lox',101,'lox',2),('k',102,'k',1),('jj',103,'jj',1),('kjkjk',104,'klsajdlk',2),('asaaasqqwqwasd',105,'kasnd,mn',2),('asdsa',106,'vcxvcx',2),('mnm,zxcn',107,'ZX,MCN,MN',2),('lvendor',108,'lvendor',2),('vv',109,'vv',1),('lone',110,'lone',2),('ds',111,'ds',1),('global',112,'global',3),('loc',113,'loc',2),('n',114,'n',1),('lu',115,'lu',2),('bv',116,'bv',2),('bvc',117,'bvc',3),('lut',118,'lut',2),('lousy',119,'lisy',2),('liy',120,'liy',2),('ldash',121,'ldas',2),('lkk',122,'lkk',2),('liou',123,'lio',2),('nmbnmb',124,'nmbnbbnm',2),('opipoi',125,'opiopi',2),('cvbvc',126,'bnvnbv',2),('nbvnbv',127,'nmbmnb',2),('bvnbv',128,'bvnbvn',2),('aksljdlkj',129,'asdjlkaj',2),('ghf',130,'hf',3),('vcxx',131,'vcxx',3),('vccxx',132,'vcddd',3),('gtyy',133,'gtyy',3),('uuiyiu',134,'uyiuyi',3),('lkjasdkljka',135,'askljdlaskdj',2),('nmbmnb',136,'nbmnbnm',3),('bvbnvbn',137,'nbmnbnm',3),('iooiuoiiou',138,'rtrerte',3),('cvxvcxcv',139,'xczcxz',3),('jkhkjhjkhk',140,'hjjhgjhj',2),('nbcxznb',141,'nbmnbmnb',3),('nzxbcmnzbx',142,'mnn,mn,mn',3),('bzvxcnbzv',143,'bvcxnzcvxn',3),('nmzbxcmbn',144,'nbcsmnbnm',1),('localVendor',145,'lv',2),('bhho',146,'bhho',1),('lvv',147,'lvv',2),('bf',148,'bf',1),('jhjh',149,'jkhasdjh',1),('uuu',150,'uuu',1),('locall',151,'locall',2),('globe',152,'globe',3),('lkasjd',153,'ksjlad',1),('anirudh',154,'anirudh',1),('Solar',155,'Solar',2),('bvchg',156,'hjgghj',1),('jhk',157,'jhk',1),('nanda',158,'nanda',1),('lvendorr',159,'lv',2),('rajput.ne',160,'Nanda@123',1),('SolarRanger',161,'solar',2),('gevdash',162,'devdash',3),('lousyVendor',163,'l',2),('glob',164,'glob',3),('kum',165,'kum',1),('yu',166,'yu',1),('bhau',167,'bhau',1);
/*!40000 ALTER TABLE `useraccount` ENABLE KEYS */;
UNLOCK TABLES;

--
-- Table structure for table `username`
--

DROP TABLE IF EXISTS `username`;
/*!40101 SET @saved_cs_client     = @@character_set_client */;
/*!40101 SET character_set_client = utf8 */;
CREATE TABLE `username` (
  `UserId` int(11) NOT NULL AUTO_INCREMENT,
  `UserName` char(20) NOT NULL,
  `Password` char(20) NOT NULL,
  PRIMARY KEY (`UserId`),
  UNIQUE KEY `UserName` (`UserName`)
) ENGINE=InnoDB DEFAULT CHARSET=utf8;
/*!40101 SET character_set_client = @saved_cs_client */;

--
-- Dumping data for table `username`
--

LOCK TABLES `username` WRITE;
/*!40000 ALTER TABLE `username` DISABLE KEYS */;
/*!40000 ALTER TABLE `username` ENABLE KEYS */;
UNLOCK TABLES;

--
-- Dumping events for database 'smartenergy5'
--

--
-- Dumping routines for database 'smartenergy5'
--
/*!40103 SET TIME_ZONE=@OLD_TIME_ZONE */;

/*!40101 SET SQL_MODE=@OLD_SQL_MODE */;
/*!40014 SET FOREIGN_KEY_CHECKS=@OLD_FOREIGN_KEY_CHECKS */;
/*!40014 SET UNIQUE_CHECKS=@OLD_UNIQUE_CHECKS */;
/*!40101 SET CHARACTER_SET_CLIENT=@OLD_CHARACTER_SET_CLIENT */;
/*!40101 SET CHARACTER_SET_RESULTS=@OLD_CHARACTER_SET_RESULTS */;
/*!40101 SET COLLATION_CONNECTION=@OLD_COLLATION_CONNECTION */;
/*!40111 SET SQL_NOTES=@OLD_SQL_NOTES */;

-- Dump completed on 2016-05-16 11:43:29
