<?xml version="1.0" encoding="UTF-8"?>
<project-private xmlns="http://www.netbeans.org/ns/project-private/1">
    <editor-bookmarks xmlns="http://www.netbeans.org/ns/editor-bookmarks/2" lastBookmarkId="0"/>
    <open-files xmlns="http://www.netbeans.org/ns/projectui-open-files/2">
        <group>
            <file>file:/C:/Users/neera/Documents/NetBeansProjects/Assignment1Part7/web/Computers.html</file>
            <file>file:/C:/Users/neera/Documents/NetBeansProjects/Assignment1Part7/src/java/Bean/Cart.java</file>
            <file>file:/C:/Users/neera/Documents/NetBeansProjects/Assignment1Part7/web/index.html</file>
            <file>file:/C:/Users/neera/Documents/NetBeansProjects/Assignment1Part7/src/java/ViewCart.java</file>
            <file>file:/C:/Users/neera/Documents/NetBeansProjects/Assignment1Part7/web/DynamicPage.html</file>
            <file>file:/C:/Users/neera/Documents/NetBeansProjects/Assignment1Part7/src/java/Bean/Product.java</file>
            <file>file:/C:/Users/neera/Documents/NetBeansProjects/Assignment1Part7/web/Books.html</file>
            <file>file:/C:/Users/neera/Documents/NetBeansProjects/Assignment1Part7/web/Music.html</file>
            <file>file:/C:/Users/neera/Documents/NetBeansProjects/Assignment1Part7/src/java/AddToCart.java</file>
            <file>file:/C:/Users/neera/Documents/NetBeansProjects/Assignment1Part7/web/META-INF/context.xml</file>
        </group>
    </open-files>
</project-private>
