<?xml version="1.0" encoding="UTF-8"?>
<project-private xmlns="http://www.netbeans.org/ns/project-private/1">
    <editor-bookmarks xmlns="http://www.netbeans.org/ns/editor-bookmarks/2" lastBookmarkId="0"/>
    <open-files xmlns="http://www.netbeans.org/ns/projectui-open-files/2">
        <group>
            <file>file:/C:/Users/neera/Documents/NetBeansProjects/Assignment2Part4/web/META-INF/context.xml</file>
            <file>file:/C:/Users/neera/Documents/NetBeansProjects/Assignment2Part4/web/javascripts/ValidationScript.js</file>
            <file>file:/C:/Users/neera/Documents/NetBeansProjects/Assignment2Part4/web/Part5Test.jsp</file>
            <file>file:/C:/Users/neera/Documents/NetBeansProjects/Assignment2Part4/web/Part5.jsp</file>
            <file>file:/C:/Users/neera/Documents/NetBeansProjects/Assignment2Part4/web/error.jsp</file>
            <file>file:/C:/Users/neera/Documents/NetBeansProjects/Assignment2Part4/web/styles/style.css</file>
            <file>file:/C:/Users/neera/Documents/NetBeansProjects/Assignment2Part4/web/WEB-INF/web.xml</file>
            <file>file:/C:/Users/neera/Documents/NetBeansProjects/Assignment2Part4/web/index.html</file>
        </group>
    </open-files>
</project-private>
